{
    "sources": [
        [
            638.0, 
            198.0, 
            20.0
        ], 
        [
            495.0, 
            77.0, 
            20.0
        ], 
        [
            324.0, 
            51.0, 
            20.0
        ], 
        [
            176.0, 
            86.0, 
            20.0
        ], 
        [
            71.0, 
            204.0, 
            20.0
        ], 
        [
            646.0, 
            593.0, 
            20.0
        ], 
        [
            497.0, 
            651.0, 
            20.0
        ], 
        [
            69.0, 
            491.0, 
            20.0
        ], 
        [
            157.0, 
            631.0, 
            20.0
        ], 
        [
            310.0, 
            660.0, 
            20.0
        ]
    ], 
    "circle_obstacles": [
        [
            440.0, 
            251.0, 
            21.260291625469335
        ], 
        [
            205.0, 
            518.0, 
            57.8013840664737
        ], 
        [
            380.0, 
            534.0, 
            51.85556864985671
        ]
    ], 
    "parameter": [
        [
            "status", 
            "status: x: 114, y:278"
        ], 
        [
            "block_type", 
            1
        ], 
        [
            "clock", 
            0.01
        ], 
        [
            "attract", 
            1.0
        ], 
        [
            "resolution", 
            10.0
        ], 
        [
            "stride", 
            1.0
        ], 
        [
            "alpha", 
            1.0
        ], 
        [
            "ball_size", 
            10
        ], 
        [
            "momentum", 
            0.5
        ]
    ], 
    "goals": [
        [
            371.0, 
            427.0, 
            20.0
        ]
    ], 
    "rectangle_obstacles": [
        [
            201.0, 
            235.0, 
            315.0, 
            267.0
        ], 
        [
            180.0, 
            278.0, 
            218.0, 
            394.0
        ], 
        [
            223.0, 
            310.0, 
            293.0, 
            344.0
        ], 
        [
            419.0, 
            288.0, 
            465.0, 
            402.0
        ], 
        [
            298.0, 
            277.0, 
            336.0, 
            395.0
        ], 
        [
            502.0, 
            446.0, 
            586.0, 
            560.0
        ]
    ]
}