{
    "sources": [
        [
            667.0, 
            182.0, 
            20.0
        ], 
        [
            524.0, 
            84.0, 
            20.0
        ], 
        [
            364.0, 
            49.0, 
            20.0
        ], 
        [
            211.0, 
            88.0, 
            20.0
        ], 
        [
            71.0, 
            204.0, 
            20.0
        ], 
        [
            694.0, 
            621.0, 
            20.0
        ], 
        [
            475.0, 
            688.0, 
            20.0
        ], 
        [
            82.0, 
            499.0, 
            20.0
        ], 
        [
            151.0, 
            649.0, 
            20.0
        ], 
        [
            300.0, 
            691.0, 
            20.0
        ]
    ], 
    "circle_obstacles": [
        [
            475.0, 
            269.0, 
            21.260291625469335
        ], 
        [
            225.0, 
            537.0, 
            57.8013840664737
        ], 
        [
            392.0, 
            561.0, 
            51.85556864985671
        ]
    ], 
    "parameter": [
        [
            "status", 
            "status: x: 64, y:198"
        ], 
        [
            "block_type", 
            1
        ], 
        [
            "clock", 
            0.01
        ], 
        [
            "attract", 
            1.0
        ], 
        [
            "resolution", 
            10.0
        ], 
        [
            "stride", 
            1.0
        ], 
        [
            "alpha", 
            2.0
        ], 
        [
            "ball_size", 
            10
        ], 
        [
            "momentum", 
            0.5
        ]
    ], 
    "goals": [
        [
            400.0, 
            447.0, 
            20.0
        ]
    ], 
    "rectangle_obstacles": [
        [
            235.0, 
            261.0, 
            349.0, 
            293.0
        ], 
        [
            211.0, 
            301.0, 
            249.0, 
            417.0
        ], 
        [
            254.0, 
            337.0, 
            324.0, 
            371.0
        ], 
        [
            452.0, 
            297.0, 
            498.0, 
            411.0
        ], 
        [
            328.0, 
            303.0, 
            366.0, 
            421.0
        ], 
        [
            513.0, 
            485.0, 
            597.0, 
            599.0
        ]
    ]
}